resid,z_min,z_max,z_thickness
20,39.57999801635742,50.61000061035156,11.03000259399414
21,31.90999984741211,49.310001373291016,17.400001525878906
22,40.12000274658203,53.57999801635742,13.45999526977539
23,35.51000213623047,51.970001220703125,16.459999084472656
24,47.630001068115234,56.279998779296875,8.64999771118164
25,43.34000015258789,52.63999938964844,9.299999237060547
26,34.290000915527344,51.30000305175781,17.01000213623047
27,39.790000915527344,54.980003356933594,15.19000244140625
28,45.0099983215332,58.029998779296875,13.020000457763672
29,40.38999938964844,51.43000030517578,11.040000915527344
30,42.25,54.82999801635742,12.579998016357422
31,40.8900032043457,55.72999954223633,14.839996337890625
32,38.02000045776367,53.37999725341797,15.359996795654297
33,36.650001525878906,49.939998626708984,13.289997100830078
34,46.79999923706055,57.78999710083008,10.989997863769531
35,34.94999694824219,51.2599983215332,16.310001373291016
36,36.189998626708984,51.56999969482422,15.380001068115234
37,32.959999084472656,50.19000244140625,17.230003356933594
38,35.599998474121094,48.16999816894531,12.569999694824219
39,41.17000198364258,46.529998779296875,5.359996795654297
40,46.58000183105469,51.58000183105469,5.0
41,43.26000213623047,56.269996643066406,13.009994506835938
42,39.900001525878906,53.5099983215332,13.609996795654297
43,37.86000061035156,50.59000015258789,12.729999542236328
44,39.709999084472656,52.77000045776367,13.060001373291016
45,42.04999923706055,56.83000183105469,14.78000259399414
46,42.15999984741211,49.470001220703125,7.310001373291016
47,45.31999969482422,55.310001373291016,9.990001678466797
48,36.709999084472656,49.22999954223633,12.520000457763672
49,44.09000015258789,55.56999969482422,11.479999542236328
50,36.25,50.34000015258789,14.09000015258789
51,37.19000244140625,53.81999969482422,16.62999725341797
52,37.95000076293945,50.70000076293945,12.75
53,37.93000030517578,48.97999572753906,11.049995422363281
54,42.040000915527344,56.36000061035156,14.319999694824219
55,42.35000228881836,55.43000030517578,13.079998016357422
56,39.80999755859375,53.16999816894531,13.360000610351562
57,36.97999954223633,50.94999694824219,13.96999740600586
58,44.16999816894531,53.839996337890625,9.669998168945312
59,38.380001068115234,51.5,13.119998931884766
60,36.38999938964844,48.689998626708984,12.299999237060547
61,43.400001525878906,51.07999801635742,7.679996490478516
62,42.2599983215332,51.209999084472656,8.950000762939453
63,45.20000076293945,57.220001220703125,12.020000457763672
64,42.27000427246094,56.86000061035156,14.589996337890625
65,40.65999984741211,55.209999084472656,14.549999237060547
66,38.80000305175781,53.53000259399414,14.729999542236328
67,38.849998474121094,53.94000244140625,15.090003967285156
68,31.059999465942383,46.630001068115234,15.570001602172852
69,48.96999740600586,53.3900032043457,4.420005798339844
70,39.9900016784668,49.869998931884766,9.879997253417969
71,43.839996337890625,54.349998474121094,10.510002136230469
72,41.53999710083008,56.77000045776367,15.230003356933594
73,42.220001220703125,53.29999923706055,11.079998016357422
74,36.04999923706055,52.099998474121094,16.049999237060547
75,43.60000228881836,53.94000244140625,10.34000015258789
76,39.970001220703125,55.07999801635742,15.109996795654297
77,32.970001220703125,49.9900016784668,17.020000457763672
78,46.380001068115234,54.09000015258789,7.709999084472656
79,36.25,49.54999923706055,13.299999237060547
80,36.45000076293945,52.21000289916992,15.760002136230469
81,41.090003967285156,50.19000244140625,9.099998474121094
82,47.220001220703125,55.84000015258789,8.619998931884766
83,40.38999938964844,56.76000213623047,16.37000274658203
84,38.93000030517578,52.519996643066406,13.589996337890625
85,41.91999816894531,53.63999938964844,11.720001220703125
86,35.75,51.06999969482422,15.319999694824219
87,36.59000015258789,49.220001220703125,12.630001068115234
88,41.51000213623047,53.67000198364258,12.15999984741211
89,42.68000030517578,51.93000030517578,9.25
90,38.58000183105469,49.910003662109375,11.330001831054688
91,35.05000305175781,48.18000030517578,13.129997253417969
92,42.32999801635742,53.69999694824219,11.369998931884766
93,47.01000213623047,54.27000045776367,7.259998321533203
94,41.959999084472656,54.45000076293945,12.490001678466797
95,43.7400016784668,56.160003662109375,12.420001983642578
96,38.82999801635742,52.60000228881836,13.770004272460938
97,46.36000061035156,62.29999923706055,15.939998626708984
98,40.599998474121094,51.75,11.150001525878906
99,40.40999984741211,52.37999725341797,11.96999740600586
100,43.909996032714844,52.32999801635742,8.420001983642578
101,34.470001220703125,50.12000274658203,15.650001525878906
144,25.51000213623047,36.790000915527344,11.279998779296875
145,21.8700008392334,33.13999938964844,11.269998550415039
146,25.48000144958496,39.68000030517578,14.19999885559082
147,20.1200008392334,28.40999984741211,8.289999008178711
148,17.729999542236328,25.260000228881836,7.530000686645508
149,23.15999984741211,39.27000045776367,16.110000610351562
150,21.610000610351562,31.76000213623047,10.150001525878906
151,20.10999870300293,23.979999542236328,3.8700008392333984
152,17.829999923706055,33.20000076293945,15.370000839233398
153,22.700000762939453,37.63999938964844,14.939998626708984
154,22.0,33.32999801635742,11.329998016357422
155,19.96000099182129,33.08000183105469,13.120000839233398
156,17.860000610351562,34.84000015258789,16.979999542236328
157,25.360000610351562,37.47999954223633,12.119998931884766
158,17.690000534057617,30.73999786376953,13.049997329711914
159,20.270000457763672,34.73999786376953,14.46999740600586
160,22.15999984741211,38.01000213623047,15.85000228881836
161,22.170000076293945,34.779998779296875,12.60999870300293
162,22.690000534057617,35.540000915527344,12.850000381469727
163,20.270000457763672,35.43000030517578,15.15999984741211
164,18.30000114440918,35.11000061035156,16.809999465942383
165,17.81999969482422,33.67000198364258,15.85000228881836
166,12.790000915527344,24.809999465942383,12.019998550415039
167,20.690000534057617,31.93000030517578,11.239999771118164
168,14.809999465942383,24.530000686645508,9.720001220703125
169,15.329999923706055,29.979999542236328,14.649999618530273
170,23.029998779296875,38.060001373291016,15.03000259399414
171,17.110000610351562,30.75,13.639999389648438
172,20.850000381469727,36.650001525878906,15.80000114440918
173,17.809999465942383,33.45000076293945,15.64000129699707
174,20.1200008392334,29.239999771118164,9.119998931884766
175,22.170000076293945,27.98000144958496,5.810001373291016
176,25.239999771118164,37.709999084472656,12.469999313354492
177,16.15999984741211,30.139999389648438,13.979999542236328
178,22.60999870300293,32.720001220703125,10.110002517700195
179,17.260000228881836,28.5,11.239999771118164
180,21.19999885559082,32.63999938964844,11.440000534057617
181,19.110000610351562,32.13999938964844,13.029998779296875
182,22.44999885559082,37.68000030517578,15.230001449584961
183,17.560001373291016,32.0099983215332,14.449996948242188
184,22.860000610351562,30.869998931884766,8.009998321533203
185,19.989999771118164,34.279998779296875,14.289999008178711
186,18.860000610351562,33.599998474121094,14.739997863769531
187,16.600000381469727,31.5,14.899999618530273
188,22.93000030517578,30.439998626708984,7.509998321533203
189,17.46000099182129,28.1299991607666,10.669998168945312
190,22.670000076293945,34.5099983215332,11.839998245239258
191,15.010000228881836,27.84000015258789,12.829999923706055
192,22.06999969482422,34.970001220703125,12.900001525878906
193,18.200000762939453,22.790000915527344,4.590000152587891
194,18.25,31.970001220703125,13.720001220703125
195,20.780000686645508,30.93000030517578,10.149999618530273
196,20.459999084472656,35.43000030517578,14.970001220703125
197,21.389999389648438,34.150001525878906,12.760002136230469
198,18.420000076293945,27.060001373291016,8.64000129699707
199,20.329999923706055,34.18000030517578,13.850000381469727
200,21.229999542236328,31.31999969482422,10.09000015258789
201,19.270000457763672,29.579999923706055,10.309999465942383
202,22.59000015258789,37.060001373291016,14.470001220703125
203,20.780000686645508,35.96999740600586,15.189996719360352
204,23.64000129699707,31.099998474121094,7.459997177124023
205,17.560001373291016,22.780000686645508,5.219999313354492
206,19.59000015258789,27.98000144958496,8.39000129699707
207,19.40999984741211,33.650001525878906,14.240001678466797
208,20.889999389648438,37.26000213623047,16.37000274658203
209,22.889999389648438,34.97999954223633,12.09000015258789
210,22.639999389648438,37.5099983215332,14.869998931884766
211,20.93000030517578,29.82000160217285,8.89000129699707
212,22.53999900817871,38.220001220703125,15.680002212524414
213,17.64000129699707,30.43000030517578,12.789999008178711
214,17.229999542236328,34.459999084472656,17.229999542236328
215,21.440000534057617,34.970001220703125,13.530000686645508
216,19.209999084472656,23.599998474121094,4.3899993896484375
217,17.829999923706055,29.34000015258789,11.510000228881836
218,22.360000610351562,35.529998779296875,13.169998168945312
219,22.290000915527344,31.170001983642578,8.880001068115234
220,21.14000129699707,33.84000015258789,12.69999885559082
221,23.1299991607666,36.029998779296875,12.899999618530273
222,25.889999389648438,38.80000305175781,12.910003662109375
223,17.09000015258789,32.27000045776367,15.180000305175781
224,18.65999984741211,34.119998931884766,15.459999084472656
225,15.959999084472656,29.799999237060547,13.84000015258789
226,21.34000015258789,26.76000213623047,5.420001983642578
